Workbook

Sheet Inventory_Data
A1: Item_ID | B1: Product_Name | C1: Category | D1: Supplier | E1: Current_Stock | F1: Avg_Monthly_Demand | G1: Demand_Std_Dev | H1: Lead_Time_Days | I1: Cost_Per_Unit | J1: Holding_Cost_% | K1: Order_Cost | L1: Supplier_Reliability | M1: Lead_Time_Variability | N1: Daily_Demand | O1: Adjusted Demand | P1: Demand_Variability_% | Q1: Demand_Variability_Status | R1: Safety_Stock | S1: Reorder_Level | T1: Stock_Gap | U1: Stock_Status | V1: Annual_Demand | W1: Annual_Consumption_Value | X1: Annual_Consumption_Value2 | Y1: Value_Contribution_% | Z1: Cumulative_% | AA1: ABC_Class | AB1: XYZ_Class | AC1: Inventory_Class | AD1: Strategy_Type | AE1: Review_Frequency | AF1: Recommended_Action | AG1: Risk_Level | AH1: Risk_Score | AI1: Final_Risk_Level
A2: ITEM393 | B2: Tube | C2: Finished Goods | D2: Supplier Y | E2: 862 | F2: 498 | G2: 20 | H2: 12 | I2: 462.26 | J2: 0.14 | K2: 775 | L2: 0.85 | M2: 9 | N2: =F2/30 -> 16.6 | O2: =N2*(1+Control_Panel!$B$2) -> 16.6 | P2: =G2/F2 -> 0.040160643 | Q2: {=_xlfn.IFS(P2<0.2,"Stable",P2<=0.5,"Moderate",P2>0.5,"Highly veriable")} -> Stable | R2: =G2*SQRT(H2) -> 69.282032 | S2: =O2+H2+R2 -> 97.882032 | T2: =E2-S2 -> 764.11797 | U2: =IF(T2<0," Need to Order", IF(T2<=R2," Risk", " Safe")) -> Safe | V2: =F2*12 -> 5976 | W2: =V2*I2 -> 2762465.8 | Y2: =W2/$X$3 -> 0.0061934537 | Z2: =Y2 -> 0.0061934537 | AA2: =IF(Z2<=80%,"A",IF(Z2<=95%,"B","C")) -> A | AB2: =IF(P2<=20%,"X",IF(P2<=50%,"Y","Z")) -> X | AC2: =AA2&AB2 -> AX | AD2: =IF(AC2="AX","Strict Control", IF(AC2="AY","Frequent Monitoring", IF(AC2="AZ","Risk-Control Strategy", IF(AC2="BX","Standard Control", IF(AC2="BY","Periodic Review", IF(AC2="BZ","Risk Monitoring", IF(AC2="CX","Simplified Bulk Control", IF(AC2="CY","Low-Priority Monitoring", IF(AC2="CZ","Minimal Control","Check"))))))))) -> Strict Control | AE2: =IF(AC2="AX","Daily", IF(AC2="AY","Every 2 Days", IF(AC2="AZ","Daily + Manager Review", IF(AC2="BX","Weekly", IF(AC2="BY","Bi-Weekly", IF(AC2="BZ","Weekly Risk Review", IF(AC2="CX","Monthly", IF(AC2="CY","Monthly Review", IF(AC2="CZ","Quarterly","Check"))))))))) -> Daily | AF2: =IF(AC2="AX","Strict Replenishment", IF(AC2="AY","Frequent Monitoring", IF(AC2="AZ","Increase Safety Stock", IF(AC2="BX","Standard Replenishment", IF(AC2="BY","Periodic Review", IF(AC2="BZ","Monitor Demand Variability", IF(AC2="CX","Bulk Ordering", IF(AC2="CY","Low Priority Monitoring", IF(AC2="CZ","Reduce Inventory Exposure", "Check"))))))))) -> Strict Replenishment | AG2: =IF(AC2="AZ","Critical", IF(AC2="AY","High", IF(AC2="BZ","Medium", IF(U2="Need to Order","Medium", "Low")))) -> Low | AH2: =IF(AC2="AZ",40, IF(AC2="AY",30, IF(AC2="AX",20,10))) + IF(U2="Need to Order",30, IF(U2="Risk",15,0)) + IF(L2<70,20, IF(L2<85,10,0)) + IF(M2>7,20, IF(M2>4,10,0)) -> 60 | AI2: =IF(AH2>=70,"Critical", IF(AH2>=60,"High", IF(AH2>=50,"Medium", "Low"))) -> High
A3: ITEM251 | B3: Pipe A | C3: Finished Goods | D3: Supplier Z | E3: 64 | F3: 464 | G3: 45 | H3: 19 | I3: 495.66 | J3: 0.12 | K3: 503 | L3: 0.8 | M3: 1 | N3: =F3/30 -> 15.466667 | O3: =N3*(1+Control_Panel!$B$2) -> 15.466667 | P3: =G3/F3 -> 0.096982759 | Q3: {=_xlfn.IFS(P3<0.2,"Stable",P3<=0.5,"Moderate",P3>0.5,"Highly veriable")} -> Stable | R3: =G3*SQRT(H3) -> 196.15045 | S3: =O3+H3+R3 -> 230.61712 | T3: =E3-S3 -> -166.61712 | U3: =IF(T3<0," Need to Order", IF(T3<=R3," Risk", " Safe")) -> Need to Order | V3: =F3*12 -> 5568 | W3: =V3*I3 -> 2759834.9 | X3: =SUM(W2:W501) -> 4.4602993e+08 | Y3: =W3/$X$3 -> 0.0061875553 | Z3: =Z2+Y3 -> 0.012381009 | AA3: =IF(Z3<=80%,"A",IF(Z3<=95%,"B","C")) -> A | AB3: =IF(P3<=20%,"X",IF(P3<=50%,"Y","Z")) -> X | AC3: =AA3&AB3 -> AX | AD3: =IF(AC3="AX","Strict Control", IF(AC3="AY","Frequent Monitoring", IF(AC3="AZ","Risk-Control Strategy", IF(AC3="BX","Standard Control", IF(AC3="BY","Periodic Review", IF(AC3="BZ","Risk Monitoring", IF(AC3="CX","Simplified Bulk Control", IF(AC3="CY","Low-Priority Monitoring", IF(AC3="CZ","Minimal Control","Check"))))))))) -> Strict Control | AE3: =IF(AC3="AX","Daily", IF(AC3="AY","Every 2 Days", IF(AC3="AZ","Daily + Manager Review", IF(AC3="BX","Weekly", IF(AC3="BY","Bi-Weekly", IF(AC3="BZ","Weekly Risk Review", IF(AC3="CX","Monthly", IF(AC3="CY","Monthly Review", IF(AC3="CZ","Quarterly","Check"))))))))) -> Daily | AF3: =IF(AC3="AX","Strict Replenishment", IF(AC3="AY","Frequent Monitoring", IF(AC3="AZ","Increase Safety Stock", IF(AC3="BX","Standard Replenishment", IF(AC3="BY","Periodic Review", IF(AC3="BZ","Monitor Demand Variability", IF(AC3="CX","Bulk Ordering", IF(AC3="CY","Low Priority Monitoring", IF(AC3="CZ","Reduce Inventory Exposure", "Check"))))))))) -> Strict Replenishment | AG3: =IF(AC3="AZ","Critical", IF(AC3="AY","High", IF(AC3="BZ","Medium", IF(U3="Need to Order","Medium", "Low")))) -> Low | AH3: =IF(AC3="AZ",40, IF(AC3="AY",30, IF(AC3="AX",20,10))) + IF(U3="Need to Order",30, IF(U3="Risk",15,0)) + IF(L3<70,20, IF(L3<85,10,0)) + IF(M3>7,20, IF(M3>4,10,0)) -> 40 | AI3: =IF(AH3>=70,"Critical", IF(AH3>=60,"High", IF(AH3>=50,"Medium", "Low"))) -> Low
A4: ITEM286 | B4: Valve | C4: Finished Goods | D4: Supplier Z | E4: 785 | F4: 487 | G4: 80 | H4: 24 | I4: 471.92 | J4: 0.15 | K4: 176 | L4: 0.86 | M4: 6 | N4: =F4/30 -> 16.233333 | O4: =N4*(1+Control_Panel!$B$2) -> 16.233333 | P4: =G4/F4 -> 0.16427105 | Q4: {=_xlfn.IFS(P4<0.2,"Stable",P4<=0.5,"Moderate",P4>0.5,"Highly veriable")} -> Stable | R4: =G4*SQRT(H4) -> 391.91836 | S4: =O4+H4+R4 -> 432.15169 | T4: =E4-S4 -> 352.84831 | U4: =IF(T4<0," Need to Order", IF(T4<=R4," Risk", " Safe")) -> Risk | V4: =F4*12 -> 5844 | W4: =V4*I4 -> 2757900.5 | Y4: =W4/$X$3 -> 0.0061832184 | Z4: =Z3+Y4 -> 0.018564227 | AA4: =IF(Z4<=80%,"A",IF(Z4<=95%,"B","C")) -> A | AB4: =IF(P4<=20%,"X",IF(P4<=50%,"Y","Z")) -> X | AC4: =AA4&AB4 -> AX | AD4: =IF(AC4="AX","Strict Control", IF(AC4="AY","Frequent Monitoring", IF(AC4="AZ","Risk-Control Strategy", IF(AC4="BX","Standard Control", IF(AC4="BY","Periodic Review", IF(AC4="BZ","Risk Monitoring", IF(AC4="CX","Simplified Bulk Control", IF(AC4="CY","Low-Priority Monitoring", IF(AC4="CZ","Minimal Control","Check"))))))))) -> Strict Control | AE4: =IF(AC4="AX","Daily", IF(AC4="AY","Every 2 Days", IF(AC4="AZ","Daily + Manager Review", IF(AC4="BX","Weekly", IF(AC4="BY","Bi-Weekly", IF(AC4="BZ","Weekly Risk Review", IF(AC4="CX","Monthly", IF(AC4="CY","Monthly Review", IF(AC4="CZ","Quarterly","Check"))))))))) -> Daily | AF4: =IF(AC4="AX","Strict Replenishment", IF(AC4="AY","Frequent Monitoring", IF(AC4="AZ","Increase Safety Stock", IF(AC4="BX","Standard Replenishment", IF(AC4="BY","Periodic Review", IF(AC4="BZ","Monitor Demand Variability", IF(AC4="CX","Bulk Ordering", IF(AC4="CY","Low Priority Monitoring", IF(AC4="CZ","Reduce Inventory Exposure", "Check"))))))))) -> Strict Replenishment | AG4: =IF(AC4="AZ","Critical", IF(AC4="AY","High", IF(AC4="BZ","Medium", IF(U4="Need to Order","Medium", "Low")))) -> Low | AH4: =IF(AC4="AZ",40, IF(AC4="AY",30, IF(AC4="AX",20,10))) + IF(U4="Need to Order",30, IF(U4="Risk",15,0)) + IF(L4<70,20, IF(L4<85,10,0)) + IF(M4>7,20, IF(M4>4,10,0)) -> 50 | AI4: =IF(AH4>=70,"Critical", IF(AH4>=60,"High", IF(AH4>=50,"Medium", "Low"))) -> Medium
A5: ITEM326 | B5: Valve | C5: Finished Goods | D5: Supplier Z | E5: 510 | F5: 455 | G5: 91 | H5: 26 | I5: 495.37 | J5: 0.08 | K5: 994 | L5: 0.8 | M5: 10 | N5: =F5/30 -> 15.166667 | O5: =N5*(1+Control_Panel!$B$2) -> 15.166667 | P5: =G5/F5 -> 0.2 | Q5: {=_xlfn.IFS(P5<0.2,"Stable",P5<=0.5,"Moderate",P5>0.5,"Highly veriable")} -> Moderate | R5: =G5*SQRT(H5) -> 464.01078 | S5: =O5+H5+R5 -> 505.17744 | T5: =E5-S5 -> 4.8225576 | U5: =IF(T5<0," Need to Order", IF(T5<=R5," Risk", " Safe")) -> Risk | V5: =F5*12 -> 5460 | W5: =V5*I5 -> 2704720.2 | Y5: =W5/$X$3 -> 0.0060639881 | Z5: =Z4+Y5 -> 0.024628216 | AA5: =IF(Z5<=80%,"A",IF(Z5<=95%,"B","C")) -> A | AB5: =IF(P5<=20%,"X",IF(P5<=50%,"Y","Z")) -> X | AC5: =AA5&AB5 -> AX | AD5: =IF(AC5="AX","Strict Control", IF(AC5="AY","Frequent Monitoring", IF(AC5="AZ","Risk-Control Strategy", IF(AC5="BX","Standard Control", IF(AC5="BY","Periodic Review", IF(AC5="BZ","Risk Monitoring", IF(AC5="CX","Simplified Bulk Control", IF(AC5="CY","Low-Priority Monitoring", IF(AC5="CZ","Minimal Control","Check"))))))))) -> Strict Control | AE5: =IF(AC5="AX","Daily", IF(AC5="AY","Every 2 Days", IF(AC5="AZ","Daily + Manager Review", IF(AC5="BX","Weekly", IF(AC5="BY","Bi-Weekly", IF(AC5="BZ","Weekly Risk Review", IF(AC5="CX","Monthly", IF(AC5="CY","Monthly Review", IF(AC5="CZ","Quarterly","Check"))))))))) -> Daily | AF5: =IF(AC5="AX","Strict Replenishment", IF(AC5="AY","Frequent Monitoring", IF(AC5="AZ","Increase Safety Stock", IF(AC5="BX","Standard Replenishment", IF(AC5="BY","Periodic Review", IF(AC5="BZ","Monitor Demand Variability", IF(AC5="CX","Bulk Ordering", IF(AC5="CY","Low Priority Monitoring", IF(AC5="CZ","Reduce Inventory Exposure", "Check"))))))))) -> Strict Replenishment | AG5: =IF(AC5="AZ","Critical", IF(AC5="AY","High", IF(AC5="BZ","Medium", IF(U5="Need to Order","Medium", "Low")))) -> Low | AH5: =IF(AC5="AZ",40, IF(AC5="AY",30, IF(AC5="AX",20,10))) + IF(U5="Need to Order",30, IF(U5="Risk",15,0)) + IF(L5<70,20, IF(L5<85,10,0)) + IF(M5>7,20, IF(M5>4,10,0)) -> 60 | AI5: =IF(AH5>=70,"Critical", IF(AH5>=60,"High", IF(AH5>=50,"Medium", "Low"))) -> High
A6: ITEM239 | B6: Valve | C6: Finished Goods | D6: Supplier B | E6: 620 | F6: 473 | G6: 33 | H6: 11 | I6: 476.13 | J6: 0.24 | K6: 654 | L6: 0.92 | M6: 1 | N6: =F6/30 -> 15.766667 | O6: =N6*(1+Control_Panel!$B$2) -> 15.766667 | P6: =G6/F6 -> 0.069767442 | Q6: {=_xlfn.IFS(P6<0.2,"Stable",P6<=0.5,"Moderate",P6>0.5,"Highly veriable")} -> Stable | R6: =G6*SQRT(H6) -> 109.44862 | S6: =O6+H6+R6 -> 136.21528 | T6: =E6-S6 -> 483.78472 | U6: =IF(T6<0," Need to Order", IF(T6<=R6," Risk", " Safe")) -> Safe | V6: =F6*12 -> 5676 | W6: =V6*I6 -> 2702513.9 | Y6: =W6/$X$3 -> 0.0060590415 | Z6: =Z5+Y6 -> 0.030687257 | AA6: =IF(Z6<=80%,"A",IF(Z6<=95%,"B","C")) -> A | AB6: =IF(P6<=20%,"X",IF(P6<=50%,"Y","Z")) -> X | AC6: =AA6&AB6 -> AX | AD6: =IF(AC6="AX","Strict Control", IF(AC6="AY","Frequent Monitoring", IF(AC6="AZ","Risk-Control Strategy", IF(AC6="BX","Standard Control", IF(AC6="BY","Periodic Review", IF(AC6="BZ","Risk Monitoring", IF(AC6="CX","Simplified Bulk Control", IF(AC6="CY","Low-Priority Monitoring", IF(AC6="CZ","Minimal Control","Check"))))))))) -> Strict Control | AE6: =IF(AC6="AX","Daily", IF(AC6="AY","Every 2 Days", IF(AC6="AZ","Daily + Manager Review", IF(AC6="BX","Weekly", IF(AC6="BY","Bi-Weekly", IF(AC6="BZ","Weekly Risk Review", IF(AC6="CX","Monthly", IF(AC6="CY","Monthly Review", IF(AC6="CZ","Quarterly","Check"))))))))) -> Daily | AF6: =IF(AC6="AX","Strict Replenishment", IF(AC6="AY","Frequent Monitoring", IF(AC6="AZ","Increase Safety Stock", IF(AC6="BX","Standard Replenishment", IF(AC6="BY","Periodic Review", IF(AC6="BZ","Monitor Demand Variability", IF(AC6="CX","Bulk Ordering", IF(AC6="CY","Low Priority Monitoring", IF(AC6="CZ","Reduce Inventory Exposure", "Check"))))))))) -> Strict Replenishment | AG6: =IF(AC6="AZ","Critical", IF(AC6="AY","High", IF(AC6="BZ","Medium", IF(U6="Need to Order","Medium", "Low")))) -> Low | AH6: =IF(AC6="AZ",40, IF(AC6="AY",30, IF(AC6="AX",20,10))) + IF(U6="Need to Order",30, IF(U6="Risk",15,0)) + IF(L6<70,20, IF(L6<85,10,0)) + IF(M6>7,20, IF(M6>4,10,0)) -> 40 | AI6: =IF(AH6>=70,"Critical", IF(AH6>=60,"High", IF(AH6>=50,"Medium", "Low"))) -> Low
A7: ITEM108 | B7: Connector | C7: Finished Goods | D7: Supplier Y | E7: 286 | F7: 484 | G7: 79 | H7: 25 | I7: 459.6 | J7: 0.14 | K7: 663 | L7: 0.85 | M7: 8 | N7: =F7/30 -> 16.133333 | O7: =N7*(1+Control_Panel!$B$2) -> 16.133333 | P7: =G7/F7 -> 0.16322314 | Q7: {=_xlfn.IFS(P7<0.2,"Stable",P7<=0.5,"Moderate",P7>0.5,"Highly veriable")} -> Stable | R7: =G7*SQRT(H7) -> 395 | S7: =O7+H7+R7 -> 436.13333 | T7: =E7-S7 -> -150.13333 | U7: =IF(T7<0," Need to Order", IF(T7<=R7," Risk", " Safe")) -> Need to Order | V7: =F7*12 -> 5808 | W7: =V7*I7 -> 2669356.8 | Y7: =W7/$X$3 -> 0.0059847033 | Z7: =Z6+Y7 -> 0.03667196 | AA7: =IF(Z7<=80%,"A",IF(Z7<=95%,"B","C")) -> A | AB7: =IF(P7<=20%,"X",IF(P7<=50%,"Y","Z")) -> X | AC7: =AA7&AB7 -> AX | AD7: =IF(AC7="AX","Strict Control", IF(AC7="AY","Frequent Monitoring", IF(AC7="AZ","Risk-Control Strategy", IF(AC7="BX","Standard Control", IF(AC7="BY","Periodic Review", IF(AC7="BZ","Risk Monitoring", IF(AC7="CX","Simplified Bulk Control", IF(AC7="CY","Low-Priority Monitoring", IF(AC7="CZ","Minimal Control","Check"))))))))) -> Strict Control | AE7: =IF(AC7="AX","Daily", IF(AC7="AY","Every 2 Days", IF(AC7="AZ","Daily + Manager Review", IF(AC7="BX","Weekly", IF(AC7="BY","Bi-Weekly", IF(AC7="BZ","Weekly Risk Review", IF(AC7="CX","Monthly", IF(AC7="CY","Monthly Review", IF(AC7="CZ","Quarterly","Check"))))))))) -> Daily | AF7: =IF(AC7="AX","Strict Replenishment", IF(AC7="AY","Frequent Monitoring", IF(AC7="AZ","Increase Safety Stock", IF(AC7="BX","Standard Replenishment", IF(AC7="BY","Periodic Review", IF(AC7="BZ","Monitor Demand Variability", IF(AC7="CX","Bulk Ordering", IF(AC7="CY","Low Priority Monitoring", IF(AC7="CZ","Reduce Inventory Exposure", "Check"))))))))) -> Strict Replenishment | AG7: =IF(AC7="AZ","Critical", IF(AC7="AY","High", IF(AC7="BZ","Medium", IF(U7="Need to Order","Medium", "Low")))) -> Low | AH7: =IF(AC7="AZ",40, IF(AC7="AY",30, IF(AC7="AX",20,10))) + IF(U7="Need to Order",30, IF(U7="Risk",15,0)) + IF(L7<70,20, IF(L7<85,10,0)) + IF(M7>7,20, IF(M7>4,10,0)) -> 60 | AI7: =IF(AH7>=70,"Critical", IF(AH7>=60,"High", IF(AH7>=50,"Medium", "Low"))) -> High
A8: ITEM329 | B8: Flange | C8: Finished Goods | D8: Supplier Y | E8: 76 | F8: 474 | G8: 71 | H8: 26 | I8: 467.82 | J8: 0.24 | K8: 195 | L8: 0.97 | M8: 7 | N8: =F8/30 -> 15.8 | O8: =N8*(1+Control_Panel!$B$2) -> 15.8 | P8: =G8/F8 -> 0.14978903 | Q8: {=_xlfn.IFS(P8<0.2,"Stable",P8<=0.5,"Moderate",P8>0.5,"Highly veriable")} -> Stable | R8: =G8*SQRT(H8) -> 362.03039 | S8: =O8+H8+R8 -> 403.83039 | T8: =E8-S8 -> -327.83039 | U8: =IF(T8<0," Need to Order", IF(T8<=R8," Risk", " Safe")) -> Need to Order | V8: =F8*12 -> 5688 | W8: =V8*I8 -> 2660960.2 | Y8: =W8/$X$3 -> 0.005965878 | Z8: =Z7+Y8 -> 0.042637838 | AA8: =IF(Z8<=80%,"A",IF(Z8<=95%,"B","C")) -> A | AB8: =IF(P8<=20%,"X",IF(P8<=50%,"Y","Z")) -> X | AC8: =AA8&AB8 -> AX | AD8: =IF(AC8="AX","Strict Control", IF(AC8="AY","Frequent Monitoring", IF(AC8="AZ","Risk-Control Strategy", IF(AC8="BX","Standard Control", IF(AC8="BY","Periodic Review", IF(AC8="BZ","Risk Monitoring", IF(AC8="CX","Simplified Bulk Control", IF(AC8="CY","Low-Priority Monitoring", IF(AC8="CZ","Minimal Control","Check"))))))))) -> Strict Control | AE8: =IF(AC8="AX","Daily", IF(AC8="AY","Every 2 Days", IF(AC8="AZ","Daily + Manager Review", IF(AC8="BX","Weekly", IF(AC8="BY","Bi-Weekly", IF(AC8="BZ","Weekly Risk Review", IF(AC8="CX","Monthly", IF(AC8="CY","Monthly Review", IF(AC8="CZ","Quarterly","Check"))))))))) -> Daily | AF8: =IF(AC8="AX","Strict Replenishment", IF(AC8="AY","Frequent Monitoring", IF(AC8="AZ","Increase Safety Stock", IF(AC8="BX","Standard Replenishment", IF(AC8="BY","Periodic Review", IF(AC8="BZ","Monitor Demand Variability", IF(AC8="CX","Bulk Ordering", IF(AC8="CY","Low Priority Monitoring", IF(AC8="CZ","Reduce Inventory Exposure", "Check"))))))))) -> Strict Replenishment | AG8: =IF(AC8="AZ","Critical", IF(AC8="AY","High", IF(AC8="BZ","Medium", IF(U8="Need to Order","Medium", "Low")))) -> Low | AH8: =IF(AC8="AZ",40, IF(AC8="AY",30, IF(AC8="AX",20,10))) + IF(U8="Need to Order",30, IF(U8="Risk",15,0)) + IF(L8<70,20, IF(L8<85,10,0)) + IF(M8>7,20, IF(M8>4,10,0)) -> 50 | AI8: =IF(AH8>=70,"Critical", IF(AH8>=60,"High", IF(AH8>=50,"Medium", "Low"))) -> Medium
A9: ITEM453 | B9: Pipe B | C9: Raw Material | D9: Supplier Z | E9: 51 | F9: 451 | G9: 48 | H9: 19 | I9: 473.43 | J9: 0.13 | K9: 704 | L9: 0.94 | M9: 9 | N9: =F9/30 -> 15.033333 | O9: =N9*(1+Control_Panel!$B$2) -> 15.033333 | P9: =G9/F9 -> 0.10643016 | Q9: {=_xlfn.IFS(P9<0.2,"Stable",P9<=0.5,"Moderate",P9>0.5,"Highly veriable")} -> Stable | R9: =G9*SQRT(H9) -> 209.22715 | S9: =O9+H9+R9 -> 243.26048 | T9: =E9-S9 -> -192.26048 | U9: =IF(T9<0," Need to Order", IF(T9<=R9," Risk", " Safe")) -> Need to Order | V9: =F9*12 -> 5412 | W9: =V9*I9 -> 2562203.2 | Y9: =W9/$X$3 -> 0.0057444646 | Z9: =Z8+Y9 -> 0.048382303 | AA9: =IF(Z9<=80%,"A",IF(Z9<=95%,"B","C")) -> A | AB9: =IF(P9<=20%,"X",IF(P9<=50%,"Y","Z")) -> X | AC9: =AA9&AB9 -> AX | AD9: =IF(AC9="AX","Strict Control", IF(AC9="AY","Frequent Monitoring", IF(AC9="AZ","Risk-Control Strategy", IF(AC9="BX","Standard Control", IF(AC9="BY","Periodic Review", IF(AC9="BZ","Risk Monitoring", IF(AC9="CX","Simplified Bulk Control", IF(AC9="CY","Low-Priority Monitoring", IF(AC9="CZ","Minimal Control","Check"))))))))) -> Strict Control | AE9: =IF(AC9="AX","Daily", IF(AC9="AY","Every 2 Days", IF(AC9="AZ","Daily + Manager Review", IF(AC9="BX","Weekly", IF(AC9="BY","Bi-Weekly", IF(AC9="BZ","Weekly Risk Review", IF(AC9="CX","Monthly", IF(AC9="CY","Monthly Review", IF(AC9="CZ","Quarterly","Check"))))))))) -> Daily | AF9: =IF(AC9="AX","Strict Replenishment", IF(AC9="AY","Frequent Monitoring", IF(AC9="AZ","Increase Safety Stock", IF(AC9="BX","Standard Replenishment", IF(AC9="BY","Periodic Review", IF(AC9="BZ","Monitor Demand Variability", IF(AC9="CX","Bulk Ordering", IF(AC9="CY","Low Priority Monitoring", IF(AC9="CZ","Reduce Inventory Exposure", "Check"))))))))) -> Strict Replenishment | AG9: =IF(AC9="AZ","Critical", IF(AC9="AY","High", IF(AC9="BZ","Medium", IF(U9="Need to Order","Medium", "Low")))) -> Low | AH9: =IF(AC9="AZ",40, IF(AC9="AY",30, IF(AC9="AX",20,10))) + IF(U9="Need to Order",30, IF(U9="Risk",15,0)) + IF(L9<70,20, IF(L9<85,10,0)) + IF(M9>7,20, IF(M9>4,10,0)) -> 60 | AI9: =IF(AH9>=70,"Critical", IF(AH9>=60,"High", IF(AH9>=50,"Medium", "Low"))) -> High
A10: ITEM175 | B10: Flange | C10: Raw Material | D10: Supplier A | E10: 184 | F10: 474 | G10: 26 | H10: 22 | I10: 441.51 | J10: 0.08 | K10: 855 | L10: 0.92 | M10: 2 | N10: =F10/30 -> 15.8 | O10: =N10*(1+Control_Panel!$B$2) -> 15.8 | P10: =G10/F10 -> 0.054852321 | Q10: {=_xlfn.IFS(P10<0.2,"Stable",P10<=0.5,"Moderate",P10>0.5,"Highly veriable")} -> Stable | R10: =G10*SQRT(H10) -> 121.95081 | S10: =O10+H10+R10 -> 159.75081 | T10: =E10-S10 -> 24.24919 | U10: =IF(T10<0," Need to Order", IF(T10<=R10," Risk", " Safe")) -> Risk | V10: =F10*12 -> 5688 | W10: =V10*I10 -> 2511308.9 | Y10: =W10/$X$3 -> 0.0056303595 | Z10: =Z9+Y10 -> 0.054012662 | AA10: =IF(Z10<=80%,"A",IF(Z10<=95%,"B","C")) -> A | AB10: =IF(P10<=20%,"X",IF(P10<=50%,"Y","Z")) -> X | AC10: =AA10&AB10 -> AX | AD10: =IF(AC10="AX","Strict Control", IF(AC10="AY","Frequent Monitoring", IF(AC10="AZ","Risk-Control Strategy", IF(AC10="BX","Standard Control", IF(AC10="BY","Periodic Review", IF(AC10="BZ","Risk Monitoring", IF(AC10="CX","Simplified Bulk Control", IF(AC10="CY","Low-Priority Monitoring", IF(AC10="CZ","Minimal Control","Check"))))))))) -> Strict Control | AE10: =IF(AC10="AX","Daily", IF(AC10="AY","Every 2 Days", IF(AC10="AZ","Daily + Manager Review", IF(AC10="BX","Weekly", IF(AC10="BY","Bi-Weekly", IF(AC10="BZ","Weekly Risk Review", IF(AC10="CX","Monthly", IF(AC10="CY","Monthly Review", IF(AC10="CZ","Quarterly","Check"))))))))) -> Daily | AF10: =IF(AC10="AX","Strict Replenishment", IF(AC10="AY","Frequent Monitoring", IF(AC10="AZ","Increase Safety Stock", IF(AC10="BX","Standard Replenishment", IF(AC10="BY","Periodic Review", IF(AC10="BZ","Monitor Demand Variability", IF(AC10="CX","Bulk Ordering", IF(AC10="CY","Low Priority Monitoring", IF(AC10="CZ","Reduce Inventory Exposure", "Check"))))))))) -> Strict Replenishment | AG10: =IF(AC10="AZ","Critical", IF(AC10="AY","High", IF(AC10="BZ","Medium", IF(U10="Need to Order","Medium", "Low")))) -> Low | AH10: =IF(AC10="AZ",40, IF(AC10="AY",30, IF(AC10="AX",20,10))) + IF(U10="Need to Order",30, IF(U10="Risk",15,0)) + IF(L10<70,20, IF(L10<85,10,0)) + IF(M10>7,20, IF(M10>4,10,0)) -> 40 | AI10: =IF(AH10>=70,"Critical", IF(AH10>=60,"High", IF(AH10>=50,"Medium", "Low"))) -> Low
A11: ITEM010 | B11: Sheet | C11: Raw Material | D11: Supplier B | E11: 101 | F11: 467 | G11: 24 | H11: 10 | I11: 446.93 | J11: 0.22 | K11: 169 | L11: 0.91 | M11: 8 | N11: =F11/30 -> 15.566667 | O11: =N11*(1+Control_Panel!$B$2) -> 15.566667 | P11: =G11/F11 -> 0.051391863 | Q11: {=_xlfn.IFS(P11<0.2,"Stable",P11<=0.5,"Moderate",P11>0.5,"Highly veriable")} -> Stable | R11: =G11*SQRT(H11) -> 75.894664 | S11: =O11+H11+R11 -> 101.46133 | T11: =E11-S11 -> -0.46133051 | U11: =IF(T11<0," Need to Order", IF(T11<=R11," Risk", " Safe")) -> Need to Order | V11: =F11*12 -> 5604 | W11: =V11*I11 -> 2504595.7 | Y11: =W11/$X$3 -> 0.0056153086 | Z11: =Z10+Y11 -> 0.059627971 | AA11: =IF(Z11<=80%,"A",IF(Z11<=95%,"B","C")) -> A | AB11: =IF(P11<=20%,"X",IF(P11<=50%,"Y","Z")) -> X | AC11: =AA11&AB11 -> AX | AD11: =IF(AC11="AX","Strict Control", IF(AC11="AY","Frequent Monitoring", IF(AC11="AZ","Risk-Control Strategy", IF(AC11="BX","Standard Control", IF(AC11="BY","Periodic Review", IF(AC11="BZ","Risk Monitoring", IF(AC11="CX","Simplified Bulk Control", IF(AC11="CY","Low-Priority Monitoring", IF(AC11="CZ","Minimal Control","Check"))))))))) -> Strict Control | AE11: =IF(AC11="AX","Daily", IF(AC11="AY","Every 2 Days", IF(AC11="AZ","Daily + Manager Review", IF(AC11="BX","Weekly", IF(AC11="BY","Bi-Weekly", IF(AC11="BZ","Weekly Risk Review", IF(AC11="CX","Monthly", IF(AC11="CY","Monthly Review", IF(AC11="CZ","Quarterly","Check"))))))))) -> Daily | AF11: =IF(AC11="AX","Strict Replenishment", IF(AC11="AY","Frequent Monitoring", IF(AC11="AZ","Increase Safety Stock", IF(AC11="BX","Standard Replenishment", IF(AC11="BY","Periodic Review", IF(AC11="BZ","Monitor Demand Variability", IF(AC11="CX","Bulk Ordering", IF(AC11="CY","Low Priority Monitoring", IF(AC11="CZ","Reduce Inventory Exposure", "Check"))))))))) -> Strict Replenishment | AG11: =IF(AC11="AZ","Critical", IF(AC11="AY","High", IF(AC11="BZ","Medium", IF(U11="Need to Order","Medium", "Low")))) -> Low | AH11: =IF(AC11="AZ",40, IF(AC11="AY",30, IF(AC11="AX",20,10))) + IF(U11="Need to Order",30, IF(U11="Risk",15,0)) + IF(L11<70,20, IF(L11<85,10,0)) + IF(M11>7,20, IF(M11>4,10,0)) -> 60 | AI11: =IF(AH11>=70,"Critical", IF(AH11>=60,"High", IF(AH11>=50,"Medium", "Low"))) -> High
A12: ITEM234 | B12: Sheet | C12: Finished Goods | D12: Supplier B | E12: 555 | F12: 467 | G12: 45 | H12: 29 | I12: 446.8 | J12: 0.21 | K12: 121 | L12: 0.94 | M12: 3 | N12: =F12/30 -> 15.566667 | O12: =N12*(1+Control_Panel!$B$2) -> 15.566667 | P12: =G12/F12 -> 0.096359743 | Q12: {=_xlfn.IFS(P12<0.2,"Stable",P12<=0.5,"Moderate",P12>0.5,"Highly veriable")} -> Stable | R12: =G12*SQRT(H12) -> 242.33242 | S12: =O12+H12+R12 -> 286.89908 | T12: =E12-S12 -> 268.10092 | U12: =IF(T12<0," Need to Order", IF(T12<=R12," Risk", " Safe")) -> Safe | V12: =F12*12 -> 5604 | W12: =V12*I12 -> 2503867.2 | Y12: =W12/$X$3 -> 0.0056136753 | Z12: =Z11+Y12 -> 0.065241646 | AA12: =IF(Z12<=80%,"A",IF(Z12<=95%,"B","C")) -> A | AB12: =IF(P12<=20%,"X",IF(P12<=50%,"Y","Z")) -> X | AC12: =AA12&AB12 -> AX | AD12: =IF(AC12="AX","Strict Control", IF(AC12="AY","Frequent Monitoring", IF(AC12="AZ","Risk-Control Strategy", IF(AC12="BX","Standard Control", IF(AC12="BY","Periodic Review", IF(AC12="BZ","Risk Monitoring", IF(AC12="CX","Simplified Bulk Control", IF(AC12="CY","Low-Priority Monitoring", IF(AC12="CZ","Minimal Control","Check"))))))))) -> Strict Control | AE12: =IF(AC12="AX","Daily", IF(AC12="AY","Every 2 Days", IF(AC12="AZ","Daily + Manager Review", IF(AC12="BX","Weekly", IF(AC12="BY","Bi-Weekly", IF(AC12="BZ","Weekly Risk Review", IF(AC12="CX","Monthly", IF(AC12="CY","Monthly Review", IF(AC12="CZ","Quarterly","Check"))))))))) -> Daily | AF12: =IF(AC12="AX","Strict Replenishment", IF(AC12="AY","Frequent Monitoring", IF(AC12="AZ","Increase Safety Stock", IF(AC12="BX","Standard Replenishment", IF(AC12="BY","Periodic Review", IF(AC12="BZ","Monitor Demand Variability", IF(AC12="CX","Bulk Ordering", IF(AC12="CY","Low Priority Monitoring", IF(AC12="CZ","Reduce Inventory Exposure", "Check"))))))))) -> Strict Replenishment | AG12: =IF(AC12="AZ","Critical", IF(AC12="AY","High", IF(AC12="BZ","Medium", IF(U12="Need to Order","Medium", "Low")))) -> Low | AH12: =IF(AC12="AZ",40, IF(AC12="AY",30, IF(AC12="AX",20,10))) + IF(U12="Need to Order",30, IF(U12="Risk",15,0)) + IF(L12<70,20, IF(L12<85,10,0)) + IF(M12>7,20, IF(M12>4,10,0)) -> 40 | AI12: =IF(AH12>=70,"Critical", IF(AH12>=60,"High", IF(AH12>=50,"Medium", "Low"))) -> Low
A13: ITEM099 | B13: Valve | C13: Finished Goods | D13: Supplier X | E13: 891 | F13: 423 | G13: 97 | H13: 24 | I13: 488.86 | J13: 0.05 | K13: 190 | L13: 0.88 | M13: 8 | N13: =F13/30 -> 14.1 | O13: =N13*(1+Control_Panel!$B$2) -> 14.1 | P13: =G13/F13 -> 0.22931442 | Q13: {=_xlfn.IFS(P13<0.2,"Stable",P13<=0.5,"Moderate",P13>0.5,"Highly veriable")} -> Moderate | R13: =G13*SQRT(H13) -> 475.20101 | S13: =O13+H13+R13 -> 513.30101 | T13: =E13-S13 -> 377.69899 | U13: =IF(T13<0," Need to Order", IF(T13<=R13," Risk", " Safe")) -> Risk | V13: =F13*12 -> 5076 | W13: =V13*I13 -> 2481453.4 | Y13: =W13/$X$3 -> 0.0055634234 | Z13: =Z12+Y13 -> 0.07080507 | AA13: =IF(Z13<=80%,"A",IF(Z13<=95%,"B","C")) -> A | AB13: =IF(P13<=20%,"X",IF(P13<=50%,"Y","Z")) -> Y | AC13: =AA13&AB13 -> AY | AD13: =IF(AC13="AX","Strict Control", IF(AC13="AY","Frequent Monitoring", IF(AC13="AZ","Risk-Control Strategy", IF(AC13="BX","Standard Control", IF(AC13="BY","Periodic Review", IF(AC13="BZ","Risk Monitoring", IF(AC13="CX","Simplified Bulk Control", IF(AC13="CY","Low-Priority Monitoring", IF(AC13="CZ","Minimal Control","Check"))))))))) -> Frequent Monitoring | AE13: =IF(AC13="AX","Daily", IF(AC13="AY","Every 2 Days", IF(AC13="AZ","Daily + Manager Review", IF(AC13="BX","Weekly", IF(AC13="BY","Bi-Weekly", IF(AC13="BZ","Weekly Risk Review", IF(AC13="CX","Monthly", IF(AC13="CY","Monthly Review", IF(AC13="CZ","Quarterly","Check"))))))))) -> Every 2 Days | AF13: =IF(AC13="AX","Strict Replenishment", IF(AC13="AY","Frequent Monitoring", IF(AC13="AZ","Increase Safety Stock", IF(AC13="BX","Standard Replenishment", IF(AC13="BY","Periodic Review", IF(AC13="BZ","Monitor Demand Variability", IF(AC13="CX","Bulk Ordering", IF(AC13="CY","Low Priority Monitoring", IF(AC13="CZ","Reduce Inventory Exposure", "Check"))))))))) -> Frequent Monitoring | AG13: =IF(AC13="AZ","Critical", IF(AC13="AY","High", IF(AC13="BZ","Medium", IF(U13="Need to Order","Medium", "Low")))) -> High | AH13: =IF(AC13="AZ",40, IF(AC13="AY",30, IF(AC13="AX",20,10))) + IF(U13="Need to Order",30, IF(U13="Risk",15,0)) + IF(L13<70,20, IF(L13<85,10,0)) + IF(M13>7,20, IF(M13>4,10,0)) -> 70 | AI13: =IF(AH13>=70,"Critical", IF(AH13>=60,"High", IF(AH13>=50,"Medium", "Low"))) -> Critical
A14: ITEM390 | B14: Rod | C14: Finished Goods | D14: Supplier B | E14: 120 | F14: 439 | G14: 75 | H14: 19 | I14: 470.43 | J14: 0.07 | K14: 907 | L14: 0.84 | M14: 6 | N14: =F14/30 -> 14.633333 | O14: =N14*(1+Control_Panel!$B$2) -> 14.633333 | P14: =G14/F14 -> 0.17084282 | Q14: {=_xlfn.IFS(P14<0.2,"Stable",P14<=0.5,"Moderate",P14>0.5,"Highly veriable")} -> Stable | R14: =G14*SQRT(H14) -> 326.91742 | S14: =O14+H14+R14 -> 360.55075 | T14: =E14-S14 -> -240.55075 | U14: =IF(T14<0," Need to Order", IF(T14<=R14," Risk", " Safe")) -> Need to Order | V14: =F14*12 -> 5268 | W14: =V14*I14 -> 2478225.2 | Y14: =W14/$X$3 -> 0.0055561859 | Z14: =Z13+Y14 -> 0.076361256 | AA14: =IF(Z14<=80%,"A",IF(Z14<=95%,"B","C")) -> A | AB14: =IF(P14<=20%,"X",IF(P14<=50%,"Y","Z")) -> X | AC14: =AA14&AB14 -> AX | AD14: =IF(AC14="AX","Strict Control", IF(AC14="AY","Frequent Monitoring", IF(AC14="AZ","Risk-Control Strategy", IF(AC14="BX","Standard Control", IF(AC14="BY","Periodic Review", IF(AC14="BZ","Risk Monitoring", IF(AC14="CX","Simplified Bulk Control", IF(AC14="CY","Low-Priority Monitoring", IF(AC14="CZ","Minimal Control","Check"))))))))) -> Strict Control | AE14: =IF(AC14="AX","Daily", IF(AC14="AY","Every 2 Days", IF(AC14="AZ","Daily + Manager Review", IF(AC14="BX","Weekly", IF(AC14="BY","Bi-Weekly", IF(AC14="BZ","Weekly Risk Review", IF(AC14="CX","Monthly", IF(AC14="CY","Monthly Review", IF(AC14="CZ","Quarterly","Check"))))))))) -> Daily | AF14: =IF(AC14="AX","Strict Replenishment", IF(AC14="AY","Frequent Monitoring", IF(AC14="AZ","Increase Safety Stock", IF(AC14="BX","Standard Replenishment", IF(AC14="BY","Periodic Review", IF(AC14="BZ","Monitor Demand Variability", IF(AC14="CX","Bulk Ordering", IF(AC14="CY","Low Priority Monitoring", IF(AC14="CZ","Reduce Inventory Exposure", "Check"))))))))) -> Strict Replenishment | AG14: =IF(AC14="AZ","Critical", IF(AC14="AY","High", IF(AC14="BZ","Medium", IF(U14="Need to Order","Medium", "Low")))) -> Low | AH14: =IF(AC14="AZ",40, IF(AC14="AY",30, IF(AC14="AX",20,10))) + IF(U14="Need to Order",30, IF(U14="Risk",15,0)) + IF(L14<70,20, IF(L14<85,10,0)) + IF(M14>7,20, IF(M14>4,10,0)) -> 50 | AI14: =IF(AH14>=70,"Critical", IF(AH14>=60,"High", IF(AH14>=50,"Medium", "Low"))) -> Medium
A15: ITEM106 | B15: Flange | C15: Finished Goods | D15: Supplier Z | E15: 243 | F15: 438 | G15: 78 | H15: 22 | I15: 465.84 | J15: 0.12 | K15: 341 | L15: 0.71 | M15: 7 | N15: =F15/30 -> 14.6 | O15: =N15*(1+Control_Panel!$B$2) -> 14.6 | P15: =G15/F15 -> 0.17808219 | Q15: {=_xlfn.IFS(P15<0.2,"Stable",P15<=0.5,"Moderate",P15>0.5,"Highly veriable")} -> Stable | R15: =G15*SQRT(H15) -> 365.85243 | S15: =O15+H15+R15 -> 402.45243 | T15: =E15-S15 -> -159.45243 | U15: =IF(T15<0," Need to Order", IF(T15<=R15," Risk", " Safe")) -> Need to Order | V15: =F15*12 -> 5256 | W15: =V15*I15 -> 2448455 | Y15: =W15/$X$3 -> 0.0054894411 | Z15: =Z14+Y15 -> 0.081850697 | AA15: =IF(Z15<=80%,"A",IF(Z15<=95%,"B","C")) -> A | AB15: =IF(P15<=20%,"X",IF(P15<=50%,"Y","Z")) -> X | AC15: =AA15&AB15 -> AX | AD15: =IF(AC15="AX","Strict Control", IF(AC15="AY","Frequent Monitoring", IF(AC15="AZ","Risk-Control Strategy", IF(AC15="BX","Standard Control", IF(AC15="BY","Periodic Review", IF(AC15="BZ","Risk Monitoring", IF(AC15="CX","Simplified Bulk Control", IF(AC15="CY","Low-Priority Monitoring", IF(AC15="CZ","Minimal Control","Check"))))))))) -> Strict Control | AE15: =IF(AC15="AX","Daily", IF(AC15="AY","Every 2 Days", IF(AC15="AZ","Daily + Manager Review", IF(AC15="BX","Weekly", IF(AC15="BY","Bi-Weekly", IF(AC15="BZ","Weekly Risk Review", IF(AC15="CX","Monthly", IF(AC15="CY","Monthly Review", IF(AC15="CZ","Quarterly","Check"))))))))) -> Daily | AF15: =IF(AC15="AX","Strict Replenishment", IF(AC15="AY","Frequent Monitoring", IF(AC15="AZ","Increase Safety Stock", IF(AC15="BX","Standard Replenishment", IF(AC15="BY","Periodic Review", IF(AC15="BZ","Monitor Demand Variability", IF(AC15="CX","Bulk Ordering", IF(AC15="CY","Low Priority Monitoring", IF(AC15="CZ","Reduce Inventory Exposure", "Check"))))))))) -> Strict Replenishment | AG15: =IF(AC15="AZ","Critical", IF(AC15="AY","High", IF(AC15="BZ","Medium", IF(U15="Need to Order","Medium", "Low")))) -> Low | AH15: =IF(AC15="AZ",40, IF(AC15="AY",30, IF(AC15="AX",20,10))) + IF(U15="Need to Order",30, IF(U15="Risk",15,0)) + IF(L15<70,20, IF(L15<85,10,0)) + IF(M15>7,20, IF(M15>4,10,0)) -> 50 | AI15: =IF(AH15>=70,"Critical", IF(AH15>=60,"High", IF(AH15>=50,"Medium", "Low"))) -> Medium
... A501: ITEM179 | B501: Flange | C501: Finished Goods | D501: Supplier Y | E501: 627 | F501: 67 | G501: 95 | H501: 12 | I501: 56.95 | J501: 0.19 | K501: 821 | L501: 0.96 | M501: 7 | N501: =F501/30 -> 2.2333333 | O501: =N501*(1+Control_Panel!$B$2) -> 2.2333333 | P501: =G501/F501 -> 1.4179104 | Q501: {=_xlfn.IFS(P501<0.2,"Stable",P501<=0.5,"Moderate",P501>0.5,"Highly veriable")} -> Highly veriable | R501: =G501*SQRT(H501) -> 329.08965 | S501: =O501+H501+R501 -> 343.32299 | T501: =E501-S501 -> 283.67701 | U501: =IF(T501<0," Need to Order", IF(T501<=R501," Risk", " Safe")) -> Risk | V501: =F501*12 -> 804 | W501: =V501*I501 -> 45787.8 | Y501: =W501/$X$3 -> 0.00010265634 | Z501: =Z500+Y501 -> 1 | AA501: =IF(Z501<=80%,"A",IF(Z501<=95%,"B","C")) -> C | AB501: =IF(P501<=20%,"X",IF(P501<=50%,"Y","Z")) -> Z | AC501: =AA501&AB501 -> CZ | AD501: =IF(AC501="AX","Strict Control", IF(AC501="AY","Frequent Monitoring", IF(AC501="AZ","Risk-Control Strategy", IF(AC501="BX","Standard Control", IF(AC501="BY","Periodic Review", IF(AC501="BZ","Risk Monitoring", IF(AC501="CX","Simplified Bulk Control", IF(AC501="CY","Low-Priority Monitoring", IF(AC501="CZ","Minimal Control","Check"))))))))) -> Minimal Control | AE501: =IF(AC501="AX","Daily", IF(AC501="AY","Every 2 Days", IF(AC501="AZ","Daily + Manager Review", IF(AC501="BX","Weekly", IF(AC501="BY","Bi-Weekly", IF(AC501="BZ","Weekly Risk Review", IF(AC501="CX","Monthly", IF(AC501="CY","Monthly Review", IF(AC501="CZ","Quarterly","Check"))))))))) -> Quarterly | AF501: =IF(AC501="AX","Strict Replenishment", IF(AC501="AY","Frequent Monitoring", IF(AC501="AZ","Increase Safety Stock", IF(AC501="BX","Standard Replenishment", IF(AC501="BY","Periodic Review", IF(AC501="BZ","Monitor Demand Variability", IF(AC501="CX","Bulk Ordering", IF(AC501="CY","Low Priority Monitoring", IF(AC501="CZ","Reduce Inventory Exposure", "Check"))))))))) -> Reduce Inventory Exposure | AG501: =IF(AC501="AZ","Critical", IF(AC501="AY","High", IF(AC501="BZ","Medium", IF(U501="Need to Order","Medium", "Low")))) -> Low | AH501: =IF(AC501="AZ",40, IF(AC501="AY",30, IF(AC501="AX",20,10))) + IF(U501="Need to Order",30, IF(U501="Risk",15,0)) + IF(L501<70,20, IF(L501<85,10,0)) + IF(M501>7,20, IF(M501>4,10,0)) -> 40 | AI501: =IF(AH501>=70,"Critical", IF(AH501>=60,"High", IF(AH501>=50,"Medium", "Low"))) -> Low

Sheet Control_Panel
A1: Parameter | B1: Value
A2: Demand Change % | B2: 0

Sheet Decision_Output
A1: Item_ID | B1: Product_Name | C1: Supplier | D1: Inventory_Class | E1: Stock_Status | F1: Risk_Level | G1: Strategy_Type | H1: Recommended_Action | I1: Review_Frequency
A2: {=_xlfn._xlws.FILTER( CHOOSE({1,2,3,4,5,6,7,8,9}, Inventory_Data!A2:A501, Inventory_Data!B2:B501, Inventory_Data!D2:D501, Inventory_Data!AC2:AC501, Inventory_Data!U2:U501, Inventory_Data!AI2:AI501, Inventory_Data!AD2:AD501, Inventory_Data!AF2:AF501, Inventory_Data!AE2:AE501 ), (Inventory_Data!D2:D501=$K$3)* (Inventory_Data!AI2:AI501=$K$8), "No matching records" )} -> ITEM390 | B2: Rod | C2: Supplier B | D2: AX | E2: Need to Order | F2: Medium | G2: Strict Control | H2: Strict Replenishment | I2: Daily | K2: Select Supplier
A3: ITEM184 | B3: Pipe B | C3: Supplier B | D3: AX | E3: Safe | F3: Medium | G3: Strict Control | H3: Strict Replenishment | I3: Daily | K3: Supplier B | M3: Supplier Risk Summary
A4: ITEM143 | B4: Rod | C4: Supplier B | D4: AX | E4: Need to Order | F4: Medium | G4: Strict Control | H4: Strict Replenishment | I4: Daily | M4: Supplier VS Risk level score
A5: ITEM170 | B5: Connector | C5: Supplier B | D5: AX | E5: Safe | F5: Medium | G5: Strict Control | H5: Strict Replenishment | I5: Daily | M5: Supplier | N5: Critical | O5: High | P5: Medium | Q5: Low | R5: Grand Total
A6: ITEM185 | B6: Tube | C6: Supplier B | D6: AY | E6: Safe | F6: Medium | G6: Frequent Monitoring | H6: Frequent Monitoring | I6: Every 2 Days | M6: Supplier A | N6: 7 | O6: 15 | P6: 41 | Q6: 41 | R6: 104
A7: ITEM320 | B7: Tube | C7: Supplier B | D7: AX | E7: Safe | F7: Medium | G7: Strict Control | H7: Strict Replenishment | I7: Daily | K7: Selected Risk Level | M7: Supplier B | N7: 7 | O7: 23 | P7: 33 | Q7: 43 | R7: 106
A8: ITEM443 | B8: Sheet | C8: Supplier B | D8: AX | E8: Safe | F8: Medium | G8: Strict Control | H8: Strict Replenishment | I8: Daily | K8: Medium | M8: Supplier X | N8: 2 | O8: 13 | P8: 31 | Q8: 51 | R8: 97
A9: ITEM188 | B9: Pipe B | C9: Supplier B | D9: AX | E9: Risk | F9: Medium | G9: Strict Control | H9: Strict Replenishment | I9: Daily | M9: Supplier Y | N9: 5 | O9: 21 | P9: 23 | Q9: 48 | R9: 97
A10: ITEM270 | B10: Valve | C10: Supplier B | D10: AX | E10: Safe | F10: Medium | G10: Strict Control | H10: Strict Replenishment | I10: Daily | M10: Supplier Z | N10: 3 | O10: 20 | P10: 21 | Q10: 52 | R10: 96
A11: ITEM363 | B11: Rod | C11: Supplier B | D11: AX | E11: Need to Order | F11: Medium | G11: Strict Control | H11: Strict Replenishment | I11: Daily | M11: Grand Total | N11: 24 | O11: 92 | P11: 149 | Q11: 235 | R11: 500
A12: ITEM385 | B12: Sheet | C12: Supplier B | D12: AX | E12: Safe | F12: Medium | G12: Strict Control | H12: Strict Replenishment | I12: Daily
A13: ITEM187 | B13: Rod | C13: Supplier B | D13: AX | E13: Risk | F13: Medium | G13: Strict Control | H13: Strict Replenishment | I13: Daily | M13: Risk Level Summary
A14: ITEM171 | B14: Tube | C14: Supplier B | D14: AY | E14: Need to Order | F14: Medium | G14: Frequent Monitoring | H14: Frequent Monitoring | I14: Every 2 Days | M14: Risk Level | N14: Number of Items
A15: ITEM292 | B15: Tube | C15: Supplier B | D15: AY | E15: Need to Order | F15: Medium | G15: Frequent Monitoring | H15: Frequent Monitoring | I15: Every 2 Days | M15: Critical | N15: 24
A16: ITEM212 | B16: Connector | C16: Supplier B | D16: AY | E16: Risk | F16: Medium | G16: Frequent Monitoring | H16: Frequent Monitoring | I16: Every 2 Days | M16: High | N16: 92
A17: ITEM475 | B17: Valve | C17: Supplier B | D17: AY | E17: Need to Order | F17: Medium | G17: Frequent Monitoring | H17: Frequent Monitoring | I17: Every 2 Days | M17: Medium | N17: 149
A18: ITEM268 | B18: Valve | C18: Supplier B | D18: AX | E18: Safe | F18: Medium | G18: Strict Control | H18: Strict Replenishment | I18: Daily | M18: Low | N18: 235
A19: ITEM029 | B19: Flange | C19: Supplier B | D19: AX | E19: Safe | F19: Medium | G19: Strict Control | H19: Strict Replenishment | I19: Daily | M19: Grand Total | N19: 500
A20: ITEM348 | B20: Rod | C20: Supplier B | D20: AX | E20: Safe | F20: Medium | G20: Strict Control | H20: Strict Replenishment | I20: Daily
A21: ITEM116 | B21: Sheet | C21: Supplier B | D21: BY | E21: Risk | F21: Medium | G21: Periodic Review | H21: Periodic Review | I21: Bi-Weekly
A22: ITEM375 | B22: Sheet | C22: Supplier B | D22: BX | E22: Safe | F22: Medium | G22: Standard Control | H22: Standard Replenishment | I22: Weekly
A23: ITEM134 | B23: Pipe A | C23: Supplier B | D23: BX | E23: Safe | F23: Medium | G23: Standard Control | H23: Standard Replenishment | I23: Weekly
A24: ITEM420 | B24: Sheet | C24: Supplier B | D24: BX | E24: Safe | F24: Medium | G24: Standard Control | H24: Standard Replenishment | I24: Weekly
A25: ITEM484 | B25: Sheet | C25: Supplier B | D25: BX | E25: Safe | F25: Medium | G25: Standard Control | H25: Standard Replenishment | I25: Weekly
A26: ITEM196 | B26: Rod | C26: Supplier B | D26: BX | E26: Need to Order | F26: Medium | G26: Standard Control | H26: Standard Replenishment | I26: Weekly
A27: ITEM407 | B27: Connector | C27: Supplier B | D27: BX | E27: Safe | F27: Medium | G27: Standard Control | H27: Standard Replenishment | I27: Weekly
A28: ITEM384 | B28: Flange | C28: Supplier B | D28: CY | E28: Risk | F28: Medium | G28: Low-Priority Monitoring | H28: Low Priority Monitoring | I28: Monthly Review
A29: ITEM145 | B29: Tube | C29: Supplier B | D29: CZ | E29: Need to Order | F29: Medium | G29: Minimal Control | H29: Reduce Inventory Exposure | I29: Quarterly
A30: ITEM264 | B30: Flange | C30: Supplier B | D30: CX | E30: Safe | F30: Medium | G30: Simplified Bulk Control | H30: Bulk Ordering | I30: Monthly
A31: ITEM413 | B31: Sheet | C31: Supplier B | D31: CZ | E31: Safe | F31: Medium | G31: Minimal Control | H31: Reduce Inventory Exposure | I31: Quarterly
... A34: ITEM018 | B34: Rod | C34: Supplier B | D34: CZ | E34: Safe | F34: Medium | G34: Minimal Control | H34: Reduce Inventory Exposure | I34: Quarterly
